https://blog.changkun.de/about/index.html, https://blog.changkun.de/about
https://blog.changkun.de/archives/2017/12/241/, https://blog.changkun.de/posts/2017-reading
https://blog.changkun.de/archives/2018/01/242/, https://blog.changkun.de/posts/2017-summary
https://blog.changkun.de/archives/2018/09/256/, https://blog.changkun.de/posts/go-source-sync-pool
https://blog.changkun.de/archives/2018/12/259/, https://blog.changkun.de/posts/2018-summary/
https://blog.changkun.de/archives/2019/06/261/, https://blog.changkun.de/posts/ten-years-of-blogging/
https://blog.changkun.de/archives/2020/01/262/, https://blog.changkun.de/posts/2018-2019-reading/
https://blog.changkun.de/archives/2020/02/263/, https://blog.changkun.de/posts/2019-summary/
https://blog.changkun.de/archives/2020/03/264/, https://blog.changkun.de/posts/why-i-stopped-blogging/
https://blog.changkun.de/archives/2020/03/265/, https://blog.changkun.de/posts/setup-wordpress-in-10-minutes/
https://blog.changkun.de/archives/2020/09/266/, https://blog.changkun.de/posts/eliminating-a-source-of-measurement-errors-in-benchmarks/
https://blog.changkun.de/archives/2020/11/267/, https://blog.changkun.de/posts/pointers-might-not-be-ideal-for-parameters/
https://blog.changkun.de/bachelorthesis/index.html, https://blog.changkun.de/bachelorthesis
https://blog.changkun.de/clients/index.html, https://blog.changkun.de/clients
https://blog.changkun.de/cv/index.html, https://blog.changkun.de/cv
https://blog.changkun.de/demo/index.html, https://blog.changkun.de/demo
https://blog.changkun.de/math-modeling/index.html, https://blog.changkun.de/math-modeling
https://blog.changkun.de/specialization/index.html, https://blog.changkun.de/specialization
https://blog.changkun.de/todo/index.html
